{"cameraMode":{"drawMode":0,"name":"Shaded","section":"Shading Mode"},"sceneLighting":true,"audioPlay":false,"sceneViewState":{"m_AlwaysRefresh":false,"showFog":true,"showSkybox":true,"showFlares":true,"showImageEffects":true,"showParticleSystems":true,"showVisualEffectGraphs":true,"m_FxEnabled":true},"in2DMode":false,"pivot":{"x":55.185611724853519,"y":-7.135374546051025,"z":-58.828182220458987},"rotation":{"x":-0.003973908256739378,"y":0.9885159134864807,"z":-0.1488027572631836,"w":-0.02639761008322239},"size":37.59687042236328,"orthographic":false}