{"cameraMode":{"drawMode":0,"name":"Shaded","section":"Shading Mode"},"sceneLighting":true,"audioPlay":false,"sceneViewState":{"m_AlwaysRefresh":false,"showFog":true,"showSkybox":true,"showFlares":true,"showImageEffects":true,"showParticleSystems":true,"showVisualEffectGraphs":true,"m_FxEnabled":true},"in2DMode":false,"pivot":{"x":-0.6333341598510742,"y":1.2433397769927979,"z":1.1146957874298096},"rotation":{"x":-0.07546447217464447,"y":-0.7937369346618652,"z":0.10051144659519196,"w":-0.595278799533844},"size":1.5004512071609498,"orthographic":false}