{"cameraMode":{"drawMode":0,"name":"Shaded","section":"Shading Mode"},"sceneLighting":true,"audioPlay":false,"sceneViewState":{"m_AlwaysRefresh":false,"showFog":true,"showSkybox":true,"showFlares":true,"showImageEffects":true,"showParticleSystems":true,"showVisualEffectGraphs":true,"m_FxEnabled":true},"in2DMode":false,"pivot":{"x":0.03023850917816162,"y":1.1851611137390137,"z":0.24520793557167054},"rotation":{"x":-0.040829095989465716,"y":-0.7318762540817261,"z":0.04393843933939934,"w":-0.6789287328720093},"size":1.835892677307129,"orthographic":false}